,SNPs associated with high musculature to body weight ratio
0,rs51986934
1,rs48460498
2,rs33154094
3,rs226658089
4,cfw-14-70941809
5,rs50979569
6,rs29408750
7,rs31458392
8,rs31886934
9,rs261200357
10,rs223534079
11,cfw-3-79535580
12,rs31947195
13,rs255937639
14,rs31464669
15,rs248969990
16,rs218228966
17,cfw-11-40517739
18,rs213813907
19,rs49012817
20,rs254439674
21,rs27331729
22,rs256993560
23,rs222240416
24,rs30404890
25,rs49467189
26,rs46793171
27,rs31996932
28,rs31669735
29,cfw-2-16111858
30,rs30040381
31,rs49423964
32,rs32311005
33,rs33359494
34,cfw-1-185060409
35,rs245443200
36,rs49619300
37,rs37035088
38,rs31000825
39,rs31233799
40,cfw-3-34784984
41,cfw-12-103517803
42,rs47141308
43,rs29173759
44,rs219378841
45,rs52370957
46,rs49796372
47,rs247345922
48,rs32735435
49,rs45843037
50,rs31450686
51,rs46060616
52,rs33061672
53,cfw-17-9247450
54,cfw-17-80232092
55,rs49101559
56,rs225998135
57,rs236278260
58,rs33457034
59,rs48803417
60,rs31151339
61,rs45639244
62,rs31396208
63,rs31890645
64,rs256639215
65,rs30408290
66,rs46648603
67,rs36278549
68,rs234499930
69,rs51510675
70,rs256851984
71,rs237981658
72,rs215400035
73,rs31995638
74,rs27298106
75,rs48820946
76,rs3708091
77,cfw-6-48566951
78,cfw-1-12942596
79,rs30604809
80,rs33169730
81,rs30749914
82,rs249292980
83,cfw-2-15759286
84,rs45738532
85,rs49567032
86,rs27287247
87,rs231227801
88,rs32424780
89,rs27996787
90,rs37439631
91,cfw-8-55622254
92,rs33499838
93,rs31547180
94,rs51813857
95,rs32678912
96,rs263665778
97,rs30846497
98,rs33013735
99,rs226331019
100,rs30032204
101,rs31090355
102,rs108276234
103,rs26969709
104,rs254963473
105,cfw-5-142193842
106,cfw-1-127970707
107,rs215565131
108,rs233857816
109,cfw-17-40317913
110,rs48845176
111,cfw-8-94386025
112,rs27885504
113,rs37991479
114,rs32182926
115,rs48365083
116,rs30455928
117,rs27595996
118,rs225249055
119,cfw-18-75084119
120,cfw-12-111336222
121,cfw-17-14553096
122,rs48197932
123,rs47564698
124,rs262092439
125,rs234543931
126,rs33837098
127,rs30358113
128,rs31055075
129,rs251088276
130,cfw-6-134229589
131,rs218368584
132,rs245923905
133,rs27449367
134,rs32193582
135,rs31044126
136,rs31230443
137,rs32381149
138,cfw-1-180715974
139,rs52075123
140,rs51225105
141,rs32332387
142,rs49238505
143,rs28011248
144,rs108109960
145,rs27325682
146,cfw-4-146908522
147,rs32129701
148,rs32848313
149,rs33427384
150,rs51475202
151,rs52161113
152,rs211778601
153,cfw-12-42792729
154,cfw-7-28091123
155,cfw-5-148683249
156,rs33163536
157,rs32497994
158,rs234531054
159,rs37381257
160,rs47526703
161,rs241389603
162,rs32321394
163,rs232769932
164,rs213958264
165,rs30036219
166,cfw-1-152173206
167,rs27686793
168,rs108877481
169,cfw-11-104159642
170,rs36236096
171,rs48304588
172,rs31236726
173,rs33438717
174,cfw-1-62863799
175,rs33067543
176,rs108112730
177,rs27024442
178,rs31826277
179,rs38414790
180,rs108511245
181,rs246301302
182,rs33079871
183,cfw-12-97605812
184,rs239061535
185,rs247853165
186,cfw-15-78654543
187,rs32959857
188,rs244230383
189,rs30019086
190,rs49671005
191,rs221056840
192,rs51953862
193,cfw-1-4592184
194,rs37395254
195,rs250342709
196,rs51532326
197,rs258863257
198,rs221738691
199,rs263506277
200,rs33891824
201,rs219857746
202,rs29615744
203,rs243065098
204,rs249431657
205,rs51807175
206,rs48955247
207,rs50916245
208,cfw-1-10141651
209,rs27044629
210,rs248690300
211,rs230175219
212,rs30752326
213,rs29717150
214,rs229834880
215,rs28011256
216,rs30932669
217,rs108193619
218,rs47361737
219,rs51440043
220,rs48345861
221,rs251967121
222,rs51354820
223,cfw-9-55331045
224,rs48499979
225,rs225093468
226,cfw-5-124908708
227,cfw-7-29941774
228,rs31340137
229,rs32619109
230,rs221174750
231,rs222064817
232,rs255480945
233,rs230768192
234,cfw-7-29109178
235,rs32847885
236,rs32054311
237,cfw-4-132319352
238,rs4168644
239,rs250003802
240,rs33513504
241,rs47806299
242,rs257918006
243,rs32487450
244,rs251052943
245,cfw-10-17038563
246,rs50654531
247,rs36759003
248,rs31772403
249,rs13469874
250,rs38548610
251,rs33718007
252,rs235221902
253,rs242388853
254,rs252963185
255,rs259851145
256,rs31243512
257,cfw-2-147950922
258,rs49666415
259,rs50656760
260,cfw-1-14910950
261,rs47467173
262,rs47534182
263,rs52567465
264,rs3710895
265,rs50315903
266,rs50539672
267,rs26894390
268,cfw-8-123148490
269,rs47595476
270,cfw-6-53288046
271,cfw-6-115538167
272,rs264411099
273,rs30339877
274,rs30844267
275,rs258913220
276,cfw-5-132342135
277,rs30722809
278,rs50417462
279,rs212893973
280,cfw-7-27091737
281,rs50518612
282,rs27499513
283,rs50418974
284,rs107956296
285,rs29491334
286,rs46711430
287,rs230383551
288,rs249132675
289,rs29366439
290,rs48374313
291,rs32111200
292,rs253605871
293,rs27009062
294,rs241180512
295,rs32314536
296,rs222300835
297,rs48395022
298,rs30708776
299,rs27184147
300,rs27208619
301,rs48294319
302,rs27826302
303,rs237390539
304,rs51977441
305,rs244900798
306,rs33525838
307,rs245807165
308,rs27547394
309,cfw-2-25701645
310,rs30020801
311,rs29547614
312,cfw-2-26633153
313,rs49226514
314,rs33264659
315,cfw-2-25374375
316,rs257551783
317,rs33391256
318,rs29138423
319,rs27974302
320,rs51125681
321,rs48113052
322,rs50820255
323,rs33570502
324,rs52476059
325,rs50961663
326,cfw-1-10318268
327,rs29864041
328,rs211730569
329,rs254908754
330,rs6356143
331,rs49636305
332,rs40170268
333,rs27561875
334,rs32967042
335,rs32167377
336,rs108709452
337,rs46498812
338,rs30314264
339,rs38065925
340,rs48717047
341,rs27009061
342,rs31264442
343,cfw-9-106410616
344,rs30827028
345,rs219559240
346,rs36612923
347,rs6153444
348,rs219518399
349,rs264102305
350,rs29508912
351,rs37349222
352,rs31640940
353,rs229785421
354,rs30606000
355,rs46291974
356,rs27374878
357,rs51029010
358,cfw-7-28219711
359,rs48722209
360,cfw-12-81831507
361,rs29347085
362,rs224260224
363,rs33681621
364,rs107649398
365,rs32875886
366,cfw-2-5398107
367,rs28212480
368,rs46442785
369,rs230877014
370,rs31756832
371,rs213603130
372,rs31755852
373,rs234897775
